FID,LAD23CD,LAD23NM,LAD23NMW,BNG_E,BNG_N,LONG,LAT,Shape__Area,Shape__Length,GlobalID
1,E06000001,Hartlepool, ,447160,531474,-1.27018,54.67614,96607268.5311737,50737.9098442795,f41baecf-2d3e-44cf-87a6-ff1dac57f98b
2,E06000002,Middlesbrough, ,451141,516887,-1.21099,54.54467,55230925.9235535,35500.2899879195,4cc67aad-8db6-47df-b191-3801e993ff12
3,E06000003,Redcar and Cleveland, ,464361,519597,-1.00608,54.56752,248289166.844574,85092.5324924677,bb496663-5d82-4457-9aa7-7ae1c67deb0d
4,E06000004,Stockton-on-Tees, ,444940,518183,-1.30664,54.55691,205216887.41275,88846.5766044065,f4e7ddcd-45b8-4bd1-b8d1-aa11caea93c1
5,E06000005,Darlington, ,428029,515648,-1.56835,54.53534,198811930.495239,91926.5397624121,60b05a31-5b6d-4933-bc9f-d86d87095203
6,E06000006,Halton, ,354246,382146,-2.68853,53.33424,80374511.3342972,67035.6072432394,79cdcc15-744b-450f-bead-90ce3bfbad75
7,E06000007,Warrington, ,362744,388456,-2.56167,53.39163,178559431.457207,72275.5255247822,79e52b85-5792-400a-9ae5-0ab40d9bfe28
8,E06000008,Blackburn with Darwen, ,369490,422806,-2.4636,53.7008,139386373.73761,55099.1507003377,5305ded7-c1f4-43c5-92e2-3179be48ab3d
9,E06000009,Blackpool, ,332819,436635,-3.02199,53.82164,33560284.3392181,29842.0467813647,1809e298-083a-4eba-8fc7-909653e710a5
10,E06000010,"Kingston upon Hull, City of", ,511894,431650,-0.30382,53.7692,70875062.3698273,40935.1829504759,743bfd40-4f72-40bf-8d9b-43bf944ab84b
11,E06000011,East Riding of Yorkshire, ,488056,443597,-0.66195,53.88112,2407839432.81319,344634.30801606,b988094f-69f3-4e04-90fb-25d04aad0dd8
12,E06000012,North East Lincolnshire, ,523465,404564,-0.13911,53.52327,190561609.061356,78299.1136658372,b3c9fca0-611e-4c77-8514-b5415c6a956c
13,E06000013,North Lincolnshire, ,497800,410993,-0.52407,53.58643,849079707.770065,183044.892871652,d31e3e4a-71d6-4695-9e93-b7ab7e7f3e63
14,E06000014,York, ,460864,452589,-1.07375,53.96582,275329708.969635,84242.7525994526,5154e4f6-1b05-4ea9-9647-4f9727eef21b
15,E06000015,Derby, ,435609,335375,-1.47189,52.91464,78270268.2160492,40201.8369858684,f425125a-357d-4a93-b2b9-cb73df89337b
16,E06000016,Leicester, ,458946,304594,-1.1304,52.63592,73589165.1551971,40830.2301887663,ba548f0b-2a17-4fcd-9b7e-62f01a6fbd65
17,E06000017,Rutland, ,492992,308655,-0.6263,52.66765,391236167.880722,96479.7968339204,b31a703f-85d1-42fc-a7a3-49048c14dac1
18,E06000018,Nottingham, ,456082,339969,-1.16667,52.95419,75870408.9552002,49574.8901430337,cef76950-80db-4215-91a7-a81f3ff16061
19,E06000019,"Herefordshire, County of", ,349434,242834,-2.73931,52.08154,2180535242.10474,285423.207022993,9f9fe58b-6a32-4fb6-8418-b034c6450fcd
20,E06000020,Telford and Wrekin, ,367035,313057,-2.48941,52.71417,291803346.062859,93575.5081693578,acb19d24-6d2d-4fe3-a17e-fa63ad223d93
21,E06000021,Stoke-on-Trent, ,389438,346652,-2.15888,53.01707,92988898.0326004,51303.9763566544,9760b148-f778-452f-afc9-cf6de05790e6
22,E06000022,Bath and North East Somerset, ,366217,161999,-2.48654,51.35604,348611816.21056,107062.696328706,7f7addc2-ccdd-45aa-b08d-bb0ce54f38eb
23,E06000023,"Bristol, City of", ,359990,174846,-2.57742,51.47115,110288680.371193,58246.4832578743,51daa7ba-c491-4652-a9bf-38ff7f9c89ce
24,E06000024,North Somerset, ,347614,166718,-2.75438,51.39706,373484334.469173,112497.332984084,72887ea1-ec54-46cb-8315-7b587d2bde8e
25,E06000025,South Gloucestershire, ,367559,183198,-2.46922,51.54673,500483844.765163,114719.593974583,9b779d84-0143-475f-9262-54b8b3650b87
26,E06000026,Plymouth, ,249945,58255,-4.11297,50.40494,81893357.9967566,54464.9760760382,dbfd75dc-1126-429f-8e89-850682f2f639
27,E06000027,Torbay, ,289730,64613,-3.55523,50.47092,65488457.4957266,55444.3423163654,5c1d2c10-c35e-42b4-a2c6-e61838c4fa6a
28,E06000030,Swindon, ,418551,186564,-1.73367,51.57763,227716487.290901,83669.7474148242,3a8658b7-c255-48c1-8e95-75026b408ff1
29,E06000031,Peterborough, ,517372,300777,-0.26874,52.59214,341526539.430695,97208.3826482827,5a27b20b-5e20-43f6-ad43-2978609b708e
30,E06000032,Luton, ,508606,222559,-0.42319,51.89102,44068117.7992706,30772.5559397546,445670bc-c7e1-4d1d-9327-975ba2257a01
31,E06000033,Southend-on-Sea, ,587777,186837,0.706923,51.54917,44407807.2787857,33038.5577183714,f02e6171-5103-4ce1-8ecc-f3af8ed3295e
32,E06000034,Thurrock, ,562123,181590,0.334861,51.50998,161607747.366356,73501.3032860924,24bfc3df-ccea-43bb-856d-6ecaa131f661
33,E06000035,Medway, ,578207,175198,0.563174,51.44772,190701086.129517,115776.742081311,612f934c-bcd6-4306-8cd0-1c12100c1b4f
34,E06000036,Bracknell Forest, ,488169,168792,-0.73363,51.4113,108233672.335564,57917.0191370737,9584ebee-87c9-42bf-a7bc-55c4ae54897d
35,E06000037,West Berkshire, ,450575,172095,-1.27364,51.44559,701219073.06353,143114.367335356,4a7de9c5-ac04-4df4-9d42-385970364ffa
36,E06000038,Reading, ,470226,173154,-0.99071,51.45302,41325773.8645706,30503.6581771377,f687aed0-9a70-4403-8d52-cfd229bef2df
37,E06000039,Slough, ,498920,179246,-0.57617,51.5035,32202299.0038605,37004.410991067,e9e35bcc-b77d-468a-ba1b-ee66f2ce9852
38,E06000040,Windsor and Maidenhead, ,492079,176541,-0.67541,51.48034,197866882.700325,102785.787238975,659167a6-67af-41b8-9c4e-94547389d00a
39,E06000041,Wokingham, ,476624,169902,-0.89935,51.42296,179128214.896759,75871.9283701684,4c579a18-c2c4-4cef-b331-4645bc701c92
40,E06000042,Milton Keynes, ,486408,242308,-0.7407,52.07241,309327071.285561,87925.1957102168,0b5b7d2c-d696-4ac8-95a5-f2a24f7a6153
41,E06000043,Brighton and Hove, ,530279,106850,-0.15079,50.8465,85541636.4804726,48484.0925242121,f68295c4-cf8c-4dc3-b8cb-489f532dc5d6
42,E06000044,Portsmouth, ,465619,101352,-1.07006,50.808,38212926.1977081,45713.7377608709,2e84fa7a-9c68-40a8-b2fa-b2e409c0b97b
43,E06000045,Southampton, ,442303,113700,-1.39952,50.9212,51630345.7373047,37973.1530773138,e0087950-4810-4e18-b44b-76440e2dfcad
44,E06000046,Isle of Wight, ,447183,85949,-1.33366,50.67129,379785983.256248,114572.04562551,0121ab4b-2a9f-423c-bf67-c74e071d0c54
45,E06000047,County Durham, ,410381,532242,-1.8405,54.68513,2231232702.40916,264025.107042483,3cc5357e-c9e1-40cf-8768-8843d24f62c7
46,E06000049,Cheshire East, ,380510,363462,-2.29299,53.16793,1168794653.97684,236391.60221721,b1da7f6b-cdac-4150-9ac4-01e4e91a2d5a
47,E06000050,Cheshire West and Chester, ,353097,363145,-2.70298,53.16336,919483812.843651,226884.212047228,378def41-86b1-4379-89a7-ce9496845230
48,E06000051,Shropshire, ,350227,302960,-2.73667,52.62212,3188263381.39314,469625.315115825,0c4b5ab5-1d39-48ba-a61d-56c6972c8e16
49,E06000052,Cornwall, ,212497,64493,-4.64254,50.45022,3573835357.34225,561774.196729258,22493e40-3ca7-4457-accc-256c57760d22
50,E06000053,Isles of Scilly, ,91327,11447,-6.30217,49.92332,13574584.3039238,40388.2064704666,49cc0034-ad95-49a4-a2be-fd38c7b02cc0
51,E06000054,Wiltshire, ,405209,158863,-1.92661,51.32883,3258225563.67435,348942.124904147,ae725a79-de03-4a8e-82dd-e5dd64a7db5d
52,E06000055,Bedford, ,505721,256463,-0.45463,52.19628,474719272.55294,115792.615220289,f0185ee4-bb03-4b30-9cc7-e65d5499b208
53,E06000056,Central Bedfordshire, ,504615,234492,-0.47754,51.99903,709157751.560471,200739.438519426,7c13db7b-5d5f-4d1f-8c97-bd805aeaa95f
54,E06000057,Northumberland, ,395322,600700,-2.07523,55.30038,5032155816.44691,445869.980967768,5531bdc0-a13d-4073-94e5-68444c4cb397
55,E06000058,"Bournemouth, Christchurch and Poole", ,410815,94066,-1.84807,50.74609,162214515.35461,94581.0157941255,3126d069-e51f-41ee-a56c-78c6c655fab8
56,E06000059,Dorset, ,370871,99796,-2.41467,50.79697,2489188755.12702,402010.032663945,8ef454c5-c8ee-4039-99a5-b9f63919c200
57,E06000060,Buckinghamshire, ,482506,208561,-0.80569,51.76966,1572311700.70705,301444.184136699,a5978877-e8f7-42c3-9b8c-567dc23aeeb4
58,E06000061,North Northamptonshire, ,493590,281718,-0.62504,52.42546,993517902.086639,173357.214493491,2f3ed676-f90c-4316-a6eb-b800b05b8bdb
59,E06000062,West Northamptonshire, ,467187,263879,-1.01682,52.26898,1374391045.69333,214647.345860117,2a995801-dd73-43c9-b375-292d2474d9d8
60,E06000063,Cumberland, ,315777,533120,-3.30797,54.68606,3037025294.98984,393811.178661283,360fc5ef-3974-4c8a-bf09-2d6b2863add7
61,E06000064,Westmorland and Furness, ,353889,510941,-2.71336,54.4917,3791559763.3537,405681.903508651,59c92048-513e-47d4-9598-1b1573e4aa02
62,E06000065,North Yorkshire, ,429509,466515,-1.55032,54.09371,8052698656.03697,661517.514560904,198f8069-30b1-4383-8894-1f4107c85a28
63,E06000066,Somerset, ,309295,131077,-3.29602,51.07182,3462369647.48652,377912.086625011,47f5371c-3222-4dae-8c81-b63af9070a0f
64,E07000008,Cambridge, ,545420,257901,0.126436,52.20017,40206167.0286865,30617.9932498982,134428af-d344-44c1-ae5d-c5809b47cba4
65,E07000009,East Cambridgeshire, ,555576,275765,0.283149,52.35788,657743069.846176,166638.054583718,2b3db0c8-0625-40be-8ddf-50d393719d73
66,E07000010,Fenland, ,536361,294959,0.009016,52.53544,548320827.811447,136403.362605862,1087f87f-73cb-495f-ab2e-02b664d58489
67,E07000011,Huntingdonshire, ,521008,274269,-0.2247,52.35315,911218072.958344,193568.311132942,9bfc0976-00bb-4512-8c7e-d3fb000a46c8
68,E07000012,South Cambridgeshire, ,543295,247586,0.091017,52.10805,898577989.583626,225222.436634442,f2c08089-f79b-4f22-ae16-7bdd9efb8375
69,E07000032,Amber Valley, ,436166,348084,-1.46219,53.02884,267682039.762314,85444.531445109,70ccec19-1a86-4d1f-8877-83252cf76063
70,E07000033,Bolsover, ,448666,371548,-1.27228,53.23875,160954362.010895,82095.5554952718,f68e2972-4d61-4033-83a2-fcdde75a034e
71,E07000034,Chesterfield, ,440049,373359,-1.40115,53.25575,65539249.5526276,41461.8498028334,26dfe7cd-eee8-415a-b98f-6842519bd030
72,E07000035,Derbyshire Dales, ,419697,358493,-1.70711,53.12326,795379915.312721,197736.811906444,c89e3d19-760b-4524-aad9-1b3c9479d030
73,E07000036,Erewash, ,443721,338063,-1.3509,52.9382,108863746.303848,57580.622577382,230ae081-0f63-4c89-8108-3dec1cea9ed0
74,E07000037,High Peak, ,410474,387660,-1.84398,53.38569,539851662.5177,133612.853765193,cab6dea2-85ca-4523-825f-ef0c355bf766
75,E07000038,North East Derbyshire, ,437369,362955,-1.44253,53.16243,274741983.818039,129085.358021405,75a1863d-8d47-41f2-b0f1-b4d1851a4260
76,E07000039,South Derbyshire, ,431443,325363,-1.5348,52.8249,336648416.080574,128744.995578957,ef3d7430-2a45-4e13-aeac-50da3a98d69b
77,E07000040,East Devon, ,313787,96051,-3.22364,50.75761,816965903.93696,169113.580971059,6090de3b-cbc9-409b-9099-961fd38fb648
78,E07000041,Exeter, ,293239,92005,-3.51368,50.71782,46524189.2298832,30580.507907487,a2865f10-f257-4275-a289-3b41410a6de6
79,E07000042,Mid Devon, ,288064,108911,-3.59212,50.86882,906819152.071592,204268.652677482,ebb5b2fe-591b-4d60-9f26-a4e6db6511e2
80,E07000043,North Devon, ,265110,132532,-3.92691,51.07621,1089332611.32032,202435.517191595,5b8fc3a8-9758-4bac-b299-32932a27b411
81,E07000044,South Hams, ,270676,54036,-3.81996,50.37195,890009330.076387,242805.268413749,8584bd74-46a0-4282-b9ea-6d3ceb6abb8b
82,E07000045,Teignbridge, ,283144,80205,-3.65289,50.60981,677091605.622076,133162.294009745,fad5c7d1-4a2c-4dbc-9903-138bdcb9d58b
83,E07000046,Torridge, ,244206,114334,-4.21728,50.90739,984734235.645956,225505.290172873,c9972472-4ae7-4733-a9b5-6ba03f937108
84,E07000047,West Devon, ,256376,86990,-4.03361,50.66481,1167045355.46591,201162.867656255,bee101be-dd25-4383-80fb-a7ed8a4882a1
85,E07000061,Eastbourne, ,559339,99575,0.258516,50.77387,44442084.962059,29562.5063486801,2b04a822-61ec-48db-a1b1-633ca984bcdb
86,E07000062,Hastings, ,581528,110694,0.578395,50.86724,29507839.3522186,27845.7254196628,2b5ad549-7eac-4bdc-9e0b-44d65b7b1166
87,E07000063,Lewes, ,541474,105686,0.007671,50.83341,292693920.760811,93913.4189444151,dff8b6ce-a43c-4613-a75f-1c819d84a137
88,E07000064,Rother, ,578721,119666,0.542937,50.94871,515950032.391853,134126.28731985,b99a3da6-419d-4f79-851c-f63a7c30978f
89,E07000065,Wealden, ,555048,117180,0.205156,50.93322,839308013.068451,169001.552074662,4e8c34c4-9adc-4743-ad10-e5ebec56710d
90,E07000066,Basildon, ,571548,190848,0.475055,51.59036,110668313.39962,49750.296546838,6e355b33-9b4b-457d-b908-6b01c55ce444
91,E07000067,Braintree, ,577253,227335,0.575911,51.91634,612575008.401245,131727.844252915,b67a8133-332c-4d86-b837-5dda0c827677
92,E07000068,Brentwood, ,558560,196070,0.290091,51.64108,153037243.983368,62499.6746766788,2155c1d0-05ea-4429-b1a3-e0d475b66dfc
93,E07000069,Castle Point, ,579490,187920,0.588084,51.56159,44147776.9158783,36373.3525349644,3a93b272-e781-4c1f-a298-3d3de8e1c881
94,E07000070,Chelmsford, ,572116,206972,0.491177,51.73503,340537513.556282,94187.1167627565,44a93111-127c-4d52-a4de-e1258749e725
95,E07000071,Colchester, ,596944,223693,0.859777,51.87702,328517847.549232,130472.828833477,f1374a91-6667-4c5e-8f60-49aa45948af7
96,E07000072,Epping Forest, ,548919,203759,0.154147,51.7128,339300918.132965,101264.456921356,b2149e30-4ede-40b1-a25f-bbf2c560027c
97,E07000073,Harlow, ,545276,209589,0.103888,51.76614,29849413.0761337,22091.2206166716,de0d5963-97bc-4f2f-a3ac-f7c38500989a
98,E07000074,Maldon, ,591413,212072,0.773106,51.77458,358354435.981987,160733.467403196,b481296f-29be-4a74-9c7b-0278a3cd538a
99,E07000075,Rochford, ,585979,191417,0.683442,51.5909,168434463.344597,106538.295586654,4dad91a9-f36c-4890-810e-9a593e9103bd
100,E07000076,Tendring, ,614190,222141,1.108981,51.85674,329202834.939491,143575.386770316,b43f2b36-5e9c-44a2-9dac-7c0a6d14cc51
101,E07000077,Uttlesford, ,557832,228865,0.294485,51.93592,645320889.812202,138938.040571171,fb9f140a-c6ae-42b4-9212-87ea11b072a5
102,E07000078,Cheltenham, ,394925,222232,-2.07515,51.89861,46538844.8123627,31000.6848909493,e2b9fbbc-9f23-4bae-9a64-eb7d043aa360
103,E07000079,Cotswold, ,402125,208209,-1.97059,51.77255,1167759352.59168,275897.200205905,faa83207-ff4d-4ca5-857f-a9c1fdc6b5d8
104,E07000080,Forest of Dean, ,367175,212759,-2.47755,51.81249,542674810.657089,166729.081748638,e3648ff6-dbd4-4fe3-ae34-1d2496dfa701
105,E07000081,Gloucester, ,384071,216449,-2.23263,51.84641,40596281.272438,28016.6059928331,2a1da97e-e33c-4489-86ec-194af3f3cbaf
106,E07000082,Stroud, ,378807,202410,-2.30818,51.72001,472510855.009857,142776.150311486,d4f31dac-8d4a-42ef-b044-d30dd8f0b251
107,E07000083,Tewkesbury, ,386347,226279,-2.19998,51.93485,413498686.999825,170210.558560995,9cecb00a-e2ef-4f98-a2c2-9913e0faa1f1
108,E07000084,Basingstoke and Deane, ,454508,151423,-1.22021,51.25937,634615589.581947,122974.773844334,b064c98c-eb93-48f6-983c-a94f57787452
109,E07000085,East Hampshire, ,474405,129237,-0.9397,51.05765,513782650.837933,124160.786724895,ce5405fa-0c84-4b7c-a07f-3e03e1924755
110,E07000086,Eastleigh, ,447199,116807,-1.32947,50.94876,77688558.1833687,54533.3788114187,2d4f82f3-23f5-427c-8c07-9cba5b1c8955
111,E07000087,Fareham, ,453774,106319,-1.23742,50.85388,73071593.8069191,49793.8620466025,e8ba21da-8489-4a4b-ba7c-d57af276e8fa
112,E07000088,Gosport, ,458769,101088,-1.16731,50.80636,25670936.7923965,28825.1990503112,05f67fd2-41b8-40b0-a898-78de74486893
113,E07000089,Hart, ,477985,154240,-0.88321,51.28197,213323430.307495,65754.7794881366,288b2841-9eb2-4ca0-988e-d0299fbd5bcb
114,E07000090,Havant, ,470178,108564,-1.00398,50.87231,56149346.998909,61332.1995740851,89544930-4357-4dd7-99c2-1905e8c03286
115,E07000091,New Forest, ,428748,106521,-1.59293,50.85748,754643018.067852,171867.792074295,b8d26ed9-4d06-4912-b71c-6ab015139f88
116,E07000092,Rushmoor, ,486022,153944,-0.76807,51.27815,39413424.6417465,26427.419434277,b2c89eb8-87f2-4962-8f5e-25df9e9b2e60
117,E07000093,Test Valley, ,434930,137329,-1.50214,51.13417,626161979.299847,159950.769667871,96e71798-c081-4189-9119-43d8bfa6cba2
118,E07000094,Winchester, ,453115,125901,-1.24393,51.03002,660906127.455715,142819.098115272,bb0b77a0-b6db-4005-b4ce-7c2610e063b1
119,E07000095,Broxbourne, ,534742,204251,-0.05073,51.7208,51741960.4562302,34985.1174825521,6d6385ed-e774-41bc-b5a9-b534ec488035
120,E07000096,Dacorum, ,500084,208745,-0.55098,51.76845,214917778.97998,93294.9010512067,d2125abf-902c-46c2-a378-e12c5aec5150
121,E07000098,Hertsmere, ,519774,199352,-0.26899,51.68017,99199125.2810059,52254.8720699896,3c7b5d18-e941-4ac9-a739-5d70a3b618e8
122,E07000099,North Hertfordshire, ,522191,230255,-0.22315,51.95737,372012215.268311,142743.606623634,7da9a473-41dd-4d9c-a336-f962c4eda42e
123,E07000102,Three Rivers, ,507313,196418,-0.45005,51.65632,88925907.7578812,64616.2564219806,08e823c8-0d29-468b-ba11-1c894e04bd2d
124,E07000103,Watford, ,510441,198197,-0.40429,51.6717,22713922.5565033,21681.0689370759,7ff5acf1-1f32-41ac-b9cd-18dbd92baea4
125,E07000105,Ashford, ,597640,140644,0.823374,51.13096,582956339.772667,122616.908222331,d8238f5c-52cc-46b0-a625-503db908565b
126,E07000106,Canterbury, ,616032,158096,1.096342,51.28102,308412276.636459,95753.7124344633,d1441a97-0c7e-41fe-a419-2fe96a50c807
127,E07000107,Dartford, ,556167,172917,0.245276,51.43373,72779349.2042313,44121.1980499527,9b2ed38c-1ae9-4609-80c8-39205d59e61e
128,E07000108,Dover, ,628964,150942,1.276887,51.21176,315191259.402176,93266.3744074426,caec2f6d-b9c4-4451-8e67-73a2aa947788
129,E07000109,Gravesham, ,566969,169114,0.398744,51.39649,96057776.9175034,50005.3799048343,526c815e-af48-41dc-a401-68937c2f0454
130,E07000110,Maidstone, ,580489,151670,0.584061,51.23566,392203482.572571,101298.680377461,45dba7fa-d95c-470a-b549-f51cc0f07c1e
131,E07000111,Sevenoaks, ,552776,155218,0.188936,51.27563,370531322.791183,111493.743499305,5a66320b-b2ef-4fde-969d-5b6fc444ff3f
132,E07000112,Folkestone and Hythe, ,610318,134595,1.000795,51.07213,359742399.56028,128022.342375488,5b481422-787d-47bf-9805-15024de88156
133,E07000113,Swale, ,593583,161818,0.776893,51.32251,369647334.758812,176774.125603449,235431e9-7181-483d-b649-6b019dd1f6f9
134,E07000114,Thanet, ,631839,166752,1.328226,51.35252,104187100.636688,46106.89121095,16f4e3e8-eeaa-4496-8ff5-6f91e5204feb
135,E07000115,Tonbridge and Malling, ,564014,153898,0.349306,51.26064,243612937.182365,91656.1050015899,56bb24aa-f1aa-4145-8767-9868286bc551
136,E07000116,Tunbridge Wells, ,573139,136599,0.471632,51.10254,327429108.588219,117002.266002967,bc7bd9d2-37a8-4dc5-9b43-cb9ee1139a8c
137,E07000117,Burnley, ,384886,430882,-2.2308,53.77406,111744584.534836,48840.2610450495,887ff72d-5959-4e17-a611-294e764b35e4
138,E07000118,Chorley, ,359189,419724,-2.61921,53.6724,202983750.710632,77347.8833835701,1324d8bd-06a7-448e-acaf-3382d9169dc8
139,E07000119,Fylde, ,339554,433811,-2.91914,53.79709,163602104.396393,71097.5684061639,ce13a54a-f208-4c2a-919f-0227d93eb314
140,E07000120,Hyndburn, ,374407,428971,-2.38964,53.75648,73415839.3483887,36632.7068267533,ef9a6250-f3a3-4a9c-a05e-2398f92dd723
141,E07000121,Lancaster, ,356896,464988,-2.6603,54.07901,569231141.001953,182210.356251051,cc5d91ab-db50-4659-8c44-9080120f5e27
142,E07000122,Pendle, ,387637,443368,-2.18957,53.88636,166912809.701309,66104.8783597392,8e74d8dd-4de9-4b5b-a32b-11efd71b32ba
143,E07000123,Preston, ,352825,436432,-2.71809,53.82202,142889476.66275,61312.1296424002,51078fb1-a45d-4252-afb3-52eb85706e86
144,E07000124,Ribble Valley, ,372687,447676,-2.4174,53.9245,582688304.384064,127823.438886349,0bfebef8-895c-4b47-9a35-a4e339595307
145,E07000125,Rossendale, ,382827,420955,-2.26149,53.68478,136992518.340286,62470.7877648985,6fd26a64-88f1-4430-95c7-0e6f303649ec
146,E07000126,South Ribble, ,352017,425840,-2.72871,53.72675,114229259.371552,71341.7657031711,b1d183c9-708c-4434-b96f-0ad811654fe6
147,E07000127,West Lancashire, ,342611,413270,-2.86893,53.61283,346459060.888931,113411.195388733,2c085f55-3302-4157-8310-ffa2251a9686
148,E07000128,Wyre, ,347295,445159,-2.80359,53.89991,285137225.383713,115522.869353078,7f59c6b2-3b26-4b6a-8b59-3cccde09ae22
149,E07000129,Blaby, ,454385,297994,-1.19887,52.57706,130075520.505974,80278.7476985504,ea195203-1d1d-46b0-b759-80cd8a2f4fc7
150,E07000130,Charnwood, ,458365,316155,-1.13694,52.7399,275627407.956375,93463.6857726213,12f82744-bf03-4632-86f4-62f4df27910c
151,E07000131,Harborough, ,474549,293875,-0.90229,52.53766,595940981.590088,142557.388323314,668cc7c5-185f-4daa-a90e-3f477f0208a7
152,E07000132,Hinckley and Bosworth, ,439538,301379,-1.41755,52.60877,300065242.895699,93517.8416562169,68cec755-74d4-4a86-adb6-acc79d3886e2
153,E07000133,Melton, ,477328,323472,-0.8544,52.80329,484034104.697128,116588.545522862,fe1a71a4-460e-43a5-984f-df9f6c51d3e5
154,E07000134,North West Leicestershire, ,439111,316252,-1.42209,52.7425,278295791.045883,95775.8992392215,13ecada1-9d4f-4a9a-beac-fa43ac484ee5
155,E07000135,Oadby and Wigston, ,461543,299379,-1.093,52.58875,23221816.1054306,23050.2510544195,5fe12550-dc5d-42d8-a937-31d523c3a268
156,E07000136,Boston, ,526851,343953,-0.11218,52.97794,365282661.188477,100883.571106818,2fe23e21-cb24-4542-8ebc-11b56f64552c
157,E07000137,East Lindsey, ,534861,376064,0.020516,53.26446,1774451309.00406,229904.105055653,d4655a26-00a2-4957-b6c8-100393cda465
158,E07000138,Lincoln, ,496347,370096,-0.55848,53.21921,34776950.2810211,28546.9242862253,127e8b67-e30d-46cc-86de-1db329c44c41
159,E07000139,North Kesteven, ,502135,354788,-0.4767,53.08058,921048722.357071,163501.578604876,487876c2-be07-4e1f-a0ec-5c6f2fa17ce7
160,E07000140,South Holland, ,532910,322928,-0.03057,52.78758,754585539.225327,145693.667145428,e31b17d6-e1e9-4f79-8feb-0383457f78a8
161,E07000141,South Kesteven, ,501406,328986,-0.49565,52.84885,942016151.783081,184693.748462722,819b64ab-87c6-4337-80e0-b2d99c8dc1d8
162,E07000142,West Lindsey, ,499314,390326,-0.50774,53.40044,1158109284.88879,221131.57098712,c8a6a1a6-2e00-4093-98bc-52b7dfab5837
163,E07000143,Breckland, ,591015,303330,0.818716,52.59421,1301635048.58867,206994.66008804,571cd925-fafe-4052-bf7d-8265bf0666fc
164,E07000144,Broadland, ,619864,315909,1.252317,52.69622,552430244.792938,166620.937104935,e6dc023a-a2d8-4b4a-91bd-b4ad74368bc4
165,E07000145,Great Yarmouth, ,646761,315881,1.64951,52.68439,182196423.001465,73942.9458353855,9c8f5426-a178-4b4d-8ef7-4d2cc75804ad
166,E07000146,King's Lynn and West Norfolk, ,571219,315805,0.533243,52.71283,1432753273.84895,287891.30470923,c9b3a4a7-56e2-44ab-925e-8d13ca6aea46
167,E07000147,North Norfolk, ,611076,330857,1.132099,52.83389,958233983.404312,229192.166309024,c5a3ad19-1151-42c8-b59c-cc0cd6b71813
168,E07000148,Norwich, ,622355,309773,1.284979,52.64013,39013151.4367371,35520.1863993806,8df06add-0f96-4515-a846-0e2a7fae2423
169,E07000149,South Norfolk, ,628990,295823,1.373233,52.51218,908232278.959427,197322.645126464,522bf135-34af-4cc4-b2bf-4b140812de68
170,E07000170,Ashfield, ,450035,355843,-1.25422,53.09747,108522403.749146,57593.0717804366,556b4e2c-10c0-4f06-8e43-ede7a988a18d
171,E07000171,Bassetlaw, ,468073,384835,-0.9787,53.35604,639297045.672089,136468.872395384,b2798b0c-3a92-4b09-a74d-0ce57a6a014e
172,E07000172,Broxtowe, ,449829,341893,-1.25944,52.9721,79450647.74086,52747.4604870688,b1d47f58-07f2-47c8-b632-e4c09b606f60
173,E07000173,Gedling, ,459184,347811,-1.11907,53.02434,120120105.895264,59267.8599647837,5e071b5f-94a3-437a-bf85-ee232fac4f14
174,E07000174,Mansfield, ,455047,363637,-1.17804,53.16703,78367984.7778778,45444.6627976809,2e260fc8-5577-428e-9dbc-63f7530f56f5
175,E07000175,Newark and Sherwood, ,470624,357451,-0.94643,53.1096,651136006.206589,159291.732758244,6f21b915-bfe7-41bc-b2e0-44fa17f89f57
176,E07000176,Rushcliffe, ,466606,335453,-1.01097,52.9124,410575266.204102,104457.668921033,617532e4-c3be-488a-834f-a145968a82cb
177,E07000177,Cherwell, ,449301,221201,-1.28506,51.8872,590763670.251472,184793.634700854,8f75a83d-10c7-47b6-b10f-166930a6b4d5
178,E07000178,Oxford, ,452277,206368,-1.24405,51.75357,45104804.17836,30242.8200285296,c9733418-816b-42be-94a5-f58e2fbd527e
179,E07000179,South Oxfordshire, ,463890,191964,-1.07847,51.62288,676298218.311897,172245.156057909,8c7c9377-4799-4237-8c28-b7b4a4d01280
180,E07000180,Vale of White Horse, ,435693,195197,-1.48543,51.65443,582889684.770729,146016.475109116,7876e010-0c99-42bb-84aa-d698bbbbbf7d
181,E07000181,West Oxfordshire, ,434343,215816,-1.50292,51.8399,713073679.60807,132447.034713829,0ad9f1e1-828d-4aff-8665-d3228f592852
182,E07000192,Cannock Chase, ,401261,311553,-1.98277,52.70166,79674051.0893326,41988.8442549197,8feea05c-4047-47b4-8b90-55cee86a8669
183,E07000193,East Staffordshire, ,412601,326569,-1.81438,52.83651,394049050.302567,138083.089229006,74bc5737-fd2c-4caa-a8f0-66386b846d3f
184,E07000194,Lichfield, ,416283,310967,-1.76049,52.69615,328434382.097893,104021.7997167,d7e60db5-121c-494c-aaec-4f8b9a2e51c4
185,E07000195,Newcastle-under-Lyme, ,378199,345174,-2.32631,53.00345,210621411.87487,87776.1226300063,94672177-d5ba-4e7b-9b3c-b825962ec43e
186,E07000196,South Staffordshire, ,389625,311037,-2.15495,52.69692,409479532.548073,152654.409541401,e076f54a-b46b-499a-a027-9e482e179f97
187,E07000197,Stafford, ,389001,327836,-2.16475,52.84792,598925928.572121,128779.095671229,688fa8ea-c9c2-47bb-8e91-940534c383d0
188,E07000198,Staffordshire Moorlands, ,400543,352443,-1.99334,53.06924,576424488.111877,120005.143381141,22370d35-7996-4fb2-a479-bcc5fcd67c10
189,E07000199,Tamworth, ,421455,302550,-1.68451,52.62031,30613950.5943451,25384.2619400378,24f373ca-1432-444c-bb44-106e41066f33
190,E07000200,Babergh, ,599987,244692,0.916149,52.0645,595926597.592728,142718.724651503,9fd774fd-a5ea-4c29-a32c-b7f29f461d25
191,E07000202,Ipswich, ,617161,244456,1.166145,52.05592,40677965.3495636,30232.2865801174,3f680c2a-2cd8-4186-8af7-58499dfd77d4
192,E07000203,Mid Suffolk, ,611646,262338,1.096953,52.21859,873326150.149261,159692.397928015,b3e71909-5f0a-47d8-9c74-da510c58907d
193,E07000207,Elmbridge, ,511882,163658,-0.39441,51.36098,95445511.3989792,43265.2408594287,9a2703b9-1086-43cb-875e-5a3c3b7e99eb
194,E07000208,Epsom and Ewell, ,521176,161475,-0.26172,51.33945,34819401.8193893,26065.6990931327,142d09c4-dca7-4684-b9bd-5cdeb578478b
195,E07000209,Guildford, ,500408,151481,-0.56257,51.25366,271962367.118828,104284.418643208,46d2e2a7-f282-4493-8766-a2d5bdcd0cde
196,E07000210,Mole Valley, ,518377,148953,-0.30603,51.22749,256063074.314537,84131.3618867024,83bfc928-a99b-4271-803f-6c12455b9945
197,E07000211,Reigate and Banstead, ,525786,152574,-0.19871,51.25846,129075174.915642,61530.3919825942,51a6633c-137e-451b-95bc-b5a99f4a53e4
198,E07000212,Runnymede, ,501777,166979,-0.53855,51.39273,79350129.2237167,37971.652042701,3bf7d6b4-e2c1-41a2-9e25-b7c0eeff3943
199,E07000213,Spelthorne, ,507012,169622,-0.46254,51.41552,51877643.375145,34315.0782152337,3ed24b7a-c49f-4eae-9873-caa93f8027db
200,E07000214,Surrey Heath, ,491362,160483,-0.68986,51.3361,97022373.4408112,46464.6679289864,94ffb55c-bcb8-4a45-a2f0-1112fdd5dc25
201,E07000215,Tandridge, ,536365,150325,-0.04805,51.23581,247440298.172699,69708.3669301685,3a068744-4b06-46a1-93fd-9f68651eaf1c
202,E07000216,Waverley, ,496363,140635,-0.62343,51.15686,342983597.314541,102272.670803001,b83a376f-00a4-4824-94e3-f3c5e8c2207e
203,E07000217,Woking, ,499087,157542,-0.57982,51.30837,61706657.2486191,41474.9128572706,546b13e7-fc45-4338-921f-b09369de32b4
204,E07000218,North Warwickshire, ,425570,296399,-1.6242,52.56484,285090613.201317,96478.8786311029,3778917c-76bf-445a-a199-63d842ad5a28
205,E07000219,Nuneaton and Bedworth, ,435419,289352,-1.47965,52.50094,77956834.1938934,40985.6679039422,29deb891-22f3-4892-a653-5966814ad3ec
206,E07000220,Rugby, ,446498,276244,-1.31828,52.38228,349027687.605949,96983.0316142,049bfc9f-6ae9-4ee3-a0bf-ade3021089cf
207,E07000221,Stratford-on-Avon, ,425019,251536,-1.63565,52.16154,979059833.283134,217880.248967014,0f5705f5-4e02-4d8d-921c-88b35141549d
208,E07000222,Warwick, ,428484,267113,-1.58369,52.30142,283003908.76516,91460.343592473,29c1c0d8-0870-4d01-aee7-1cd0b7137a90
209,E07000223,Adur, ,518076,106472,-0.32417,50.84572,40937981.5736275,30966.7808973588,9242f10f-65db-49bb-8d9f-45f94b0088d1
210,E07000224,Arun, ,495144,105723,-0.64999,50.84321,224127243.041924,96782.4958839363,0af34a15-6b7e-406d-8592-ea85cd09ffce
211,E07000225,Chichester, ,490285,116600,-0.7163,50.94177,788007626.397667,182940.576801384,9b80260e-612b-40b9-92c2-dbc591da4e60
212,E07000226,Crawley, ,526390,137581,-0.19533,51.12357,45831413.909523,33575.9682517556,64fb8c3b-db76-4267-b21e-8a1b0d2705be
213,E07000227,Horsham, ,513674,123840,-0.38126,51.00272,530018507.857235,128161.261463293,a0e3b662-a04f-4006-9cdf-629eb039029b
214,E07000228,Mid Sussex, ,533054,130623,-0.10272,51.05953,336801967.572968,108959.570518841,859dd5d5-a9a7-421d-9999-a08d22b793b6
215,E07000229,Worthing, ,512679,104948,-0.40127,50.8331,30624642.7356453,25749.2797978842,49fd779b-a33b-4812-844d-581638fe4a1c
216,E07000234,Bromsgrove, ,399840,273736,-2.00376,52.36169,218023988.496216,90566.900071713,54bc951b-c049-43ed-b2ac-d17e66f330c5
217,E07000235,Malvern Hills, ,377465,252197,-2.33089,52.16758,579706572.19136,187651.848813362,ca38b707-6656-43c0-9ac3-9a53badc54bf
218,E07000236,Redditch, ,403705,265253,-1.9471,52.28541,55070558.6237106,32533.5085728282,9b7de7c5-4a94-4331-8c5d-dca073faa824
219,E07000237,Worcester, ,385725,255196,-2.21025,52.19482,34532194.7393646,23906.6671729286,a9ec00c6-7e35-4ed2-b5fd-5bd2df9de113
220,E07000238,Wychavon, ,398991,247839,-2.01614,52.12886,659700140.73632,183892.585952766,169bb20f-d319-4146-8a63-213cc50efbbd
221,E07000239,Wyre Forest, ,384106,276388,-2.23494,52.3853,196196406.524147,82043.198217602,78ec4434-d360-461c-a907-2560509c2787
222,E07000240,St Albans, ,514580,209623,-0.3407,51.77356,158865081.033852,63002.6944980873,1d55b47c-1b45-407b-8509-422692809d7e
223,E07000241,Welwyn Hatfield, ,525345,208467,-0.18518,51.76087,129449466.996658,69326.0652501545,b097c15e-6257-4ea2-b0bd-a8acd1c9ed2f
224,E07000242,East Hertfordshire, ,537995,220370,0.002739,51.86485,477741644.662628,112057.254533985,aad8b08a-f8b9-46f3-bcfd-bd04ca8c5ff1
225,E07000243,Stevenage, ,524622,224531,-0.18987,51.90539,26823598.5602417,22050.0641720999,e1f4a01b-7c2f-49ef-938b-f3a976b2fd69
226,E07000244,East Suffolk, ,636043,266272,1.456186,52.24399,1278864658.32988,247099.520843162,c492d6bb-1f27-48f6-80d8-29c03a1530f6
227,E07000245,West Suffolk, ,580944,271124,0.652769,52.30842,1034497003.3124,220612.633129996,62656067-ee48-4150-8512-e4605dbc797e
228,E08000001,Bolton, ,368352,409873,-2.47952,53.58449,138708159.824478,64700.0074697278,a8b862b0-7702-4084-a94c-d9c6779808fc
229,E08000002,Bury, ,379658,410768,-2.3088,53.5931,100752127.925949,57024.0274383135,f1c4ffb7-e45d-4490-8733-c2b1f571c39c
230,E08000003,Manchester, ,384591,397063,-2.23359,53.47009,111896483.89534,69388.1213474653,2cc5b646-8bbf-4b38-ae28-3152147f8759
231,E08000004,Oldham, ,396603,406784,-2.05274,53.55768,144007886.504471,60961.3212193164,98019fe8-3141-4008-815f-5f7777d7d6ea
232,E08000005,Rochdale, ,390315,412326,-2.14784,53.60741,156240283.738327,70323.7554055104,725a28ef-237a-4a23-8902-d4c5ef052b94
233,E08000006,Salford, ,374556,398128,-2.38485,53.47927,97967423.4044037,56607.3495517002,c63a48a9-6ff6-4c30-840f-0e45b8480c3a
234,E08000007,Stockport, ,391806,388264,-2.12467,53.39116,125536175.953476,56951.0021071987,987543a0-3936-44a0-974c-49bbf66f842c
235,E08000008,Tameside, ,394987,397995,-2.077,53.47867,102159712.453125,43841.7215072139,2830fafb-015f-4727-9740-865abdec8287
236,E08000009,Trafford, ,375790,391162,-2.36572,53.41671,108001387.968185,50772.1785340445,54fcd4d3-4903-4d6e-bc37-770b903e249c
237,E08000010,Wigan, ,362136,402125,-2.57247,53.51444,188328973.256577,71520.5538638132,878af506-88a5-497e-952a-5b20410b6b51
238,E08000011,Knowsley, ,344762,393778,-2.83297,53.43788,86257984.1448288,57789.1015428372,262e5e61-f929-4fb2-8d1f-c546bd709980
239,E08000012,Liverpool, ,339361,390553,-2.91364,53.4083,112980832.469849,54582.8494067106,5892da70-5c3e-436b-93c7-8446f4d2bca0
240,E08000013,St. Helens, ,353412,395992,-2.7031,53.45862,135953986.422302,64907.3276202198,605c5eaf-7f09-4f67-a787-5901d0e57c39
241,E08000014,Sefton, ,334282,398832,-2.99177,53.4821,153865121.989342,98967.6978279877,491642a7-b28b-4457-9f09-2ff4b6fabf81
242,E08000015,Wirral, ,329110,386965,-3.06701,53.37478,155787476.549789,75458.0918585687,be0befb6-4221-48ee-aaa7-7ac9635b82f1
243,E08000016,Barnsley, ,429979,403327,-1.54925,53.52577,327231074.72963,106147.604198847,f7601ccb-2b69-44fb-9812-5c64bea0939d
244,E08000017,Doncaster, ,459167,403735,-1.10894,53.52697,567276858.837433,116334.694715637,9cfdca8d-6802-44ab-8f73-36e531146ddf
245,E08000018,Rotherham, ,447542,388980,-1.28651,53.39553,289185610.615082,88845.2784942362,69f702c3-976e-4404-934e-7c890b85a7b5
246,E08000019,Sheffield, ,430511,389736,-1.54254,53.40358,366749138.955704,114173.25353027,94f4297b-adfb-4708-a34c-e5247abf866b
247,E08000021,Newcastle upon Tyne, ,422287,569661,-1.65297,55.021,113022356.462372,53420.2457391888,1e07af9f-71e5-4ca3-a52f-331c8a285dcb
248,E08000022,North Tyneside, ,431471,570602,-1.50923,55.02896,83064513.7696991,58674.9413622598,231bcde0-ae3f-4d76-aabe-ecc9cce118c4
249,E08000023,South Tyneside, ,435514,564057,-1.44679,54.96988,61949083.2565613,37886.6841965796,50094028-6810-4bb7-8444-47be170da1c3
250,E08000024,Sunderland, ,436470,551524,-1.43344,54.85719,136154963.80751,57180.9452742561,7fb98035-234b-4f30-ac83-310629154a4f
251,E08000025,Birmingham, ,408150,287352,-1.88141,52.48404,269027436.28521,88775.9618426748,6f01d2db-2e5a-42b2-9364-d5116a794572
252,E08000026,Coventry, ,432807,279689,-1.51908,52.41423,99798597.2782974,43480.9731800478,40a1a744-48f0-499a-bc2c-51987cb5a5b0
253,E08000027,Dudley, ,393191,288584,-2.10171,52.49513,97265448.4213181,60124.4344425726,bcf11791-27bb-4148-bc45-adc081e450f6
254,E08000028,Sandwell, ,399573,290764,-2.00771,52.51477,85221452.3997269,48305.4592804395,d4e7821c-7586-4278-b68c-b3a88abe393f
255,E08000029,Solihull, ,419434,281483,-1.71558,52.431,177542128.965187,82694.8140121005,444d8cad-5989-4bb8-838c-e8c87ef91d79
256,E08000030,Walsall, ,402098,300804,-1.97044,52.60503,104027261.810837,49836.8728324194,fd1cd6c7-fd55-4e60-b290-71ea6e21c1ed
257,E08000031,Wolverhampton, ,391463,300016,-2.12746,52.59788,69466029.8598328,41126.770202078,04fcf4f3-a32b-4d22-9cc2-61d028b32bd6
258,E08000032,Bradford, ,408395,438626,-1.87389,53.84382,368387119.494095,113225.685201071,99a6119f-e572-4b26-aeaa-1fed0d4b4c37
259,E08000033,Calderdale, ,402617,424896,-1.96182,53.72048,367618488.008057,94050.2464460112,16556e6d-e405-4088-a478-5719b6157f69
260,E08000034,Kirklees, ,414586,416223,-1.78085,53.64233,405306568.404007,106837.59374036,867d0b2e-dcac-43ce-8eda-d5ad45ce5239
261,E08000035,Leeds, ,432528,436384,-1.50736,53.82273,550578445.965973,133752.877302456,de822a25-0f4c-4d63-acb8-6177fc2f488b
262,E08000036,Wakefield, ,438366,418235,-1.42092,53.65922,337270080.584656,90462.2525069475,9ef621a7-d7b7-4061-9a67-f80e51e0507c
263,E08000037,Gateshead, ,420158,559652,-1.68696,54.93115,147489164.600525,67924.5274219675,5137b345-35be-4117-8ffb-79c6d4b8af3f
264,E09000001,City of London, ,532381,181359,-0.09353,51.51565,2675582.10298157,6902.68409900948,73f1814a-22eb-4a67-b9ff-c0e2198e088c
265,E09000002,Barking and Dagenham, ,547757,185111,0.129479,51.54555,36356431.2466202,31248.4775049711,7b12d34f-10f8-4990-95e0-9b46fed07084
266,E09000003,Barnet, ,523472,191753,-0.21821,51.61108,86641766.0761642,41837.8132072241,ece86caa-c67f-4daa-9dff-b1ebf7b9a6f4
267,E09000004,Bexley, ,549202,175434,0.146212,51.45822,61714804.8953247,36625.5858281473,d156b168-f59f-40d3-b52f-575030cddcc2
268,E09000005,Brent, ,519615,186468,-0.27568,51.56441,44168306.0241623,33233.921351762,6a4d653f-775e-4d5a-a3e7-5262c7adefcd
269,E09000006,Bromley, ,542036,165708,0.039246,51.37267,150184093.868736,63027.2867133861,8b6c0fe5-0b51-4352-8803-2ccb09e6fc2b
270,E09000007,Camden, ,527492,184284,-0.16289,51.54306,21274328.3790436,22056.6269606939,7dc85d23-0713-487c-8664-022a9bef0a2d
271,E09000008,Croydon, ,533922,164745,-0.07761,51.36598,85994798.00354,46723.4912731969,eaf3ee21-bee9-4fcd-acba-759e6f925169
272,E09000009,Ealing, ,517057,181960,-0.31407,51.52443,54712369.9977798,39308.2702585722,76e9006f-e234-4c11-a8f1-171b449f4c2a
273,E09000010,Enfield, ,532829,196197,-0.08147,51.64888,83022894.4619141,37692.8976368125,b2753caa-438f-4116-b20b-405957a99d18
274,E09000011,Greenwich, ,542507,175879,0.050093,51.46394,47345773.6155243,37947.829389987,9abb4585-33d6-4b91-b8ac-f339fbdbfad6
275,E09000012,Hackney, ,534560,185787,-0.06045,51.55492,19832896.8065872,21348.6675061688,11dfeba1-a281-40f5-ac50-093cac6025d0
276,E09000013,Hammersmith and Fulham, ,523867,177993,-0.21735,51.48733,17336402.2932053,20309.6770355554,cdfb5cdc-1784-45bd-afcc-5ab8f53114bc
277,E09000014,Haringey, ,531262,189349,-0.10667,51.58771,28654586.8856888,25649.8358041055,1948240f-422e-4994-9c2b-8954c6934bf9
278,E09000015,Harrow, ,515356,189736,-0.33603,51.59467,51786628.0410614,31190.6195336716,a41bc3aa-4c80-4563-adde-9fa60d607cba
279,E09000016,Havering, ,555032,187514,0.235368,51.56519,113336955.40773,58260.9154217332,206f6943-06be-446e-b6bb-054e6b2e91a3
280,E09000017,Hillingdon, ,508166,183120,-0.44182,51.53663,115522200.899529,55989.0710362221,f0f48ae8-0d60-4038-a019-c685daf0f2a2
281,E09000018,Hounslow, ,512742,174965,-0.37847,51.46243,56812520.0048828,46709.9825942823,952401c7-810e-44fe-8c70-0295a421edfb
282,E09000019,Islington, ,531158,184647,-0.10992,51.54548,15151971.1017151,17530.873905634,a7e667b5-61b3-412a-a87c-e0067dcd88c0
283,E09000020,Kensington and Chelsea, ,525757,179053,-0.18976,51.49644,11395764.0464401,17854.2679849299,b10727b5-f44b-4e34-bcd8-37f527a7b56e
284,E09000021,Kingston upon Thames, ,519508,167389,-0.28367,51.39296,38008804.8679199,33047.9155350811,2581f056-b676-4ae7-840c-b36cb16e1416
285,E09000022,Lambeth, ,531117,175629,-0.11386,51.46445,27175334.1424026,28901.294043691,82691f94-3615-451c-a0d5-6be29e8567b0
286,E09000023,Lewisham, ,537889,173344,-0.01733,51.44231,34352484.2408676,30916.7695537588,fd0aaf05-973c-4795-ad64-370579b6236c
287,E09000024,Merton, ,526069,169507,-0.18867,51.41057,37359913.6960068,27901.825788049,ce4fe5f7-fd43-4293-a4f2-376bbb59627b
288,E09000025,Newham, ,540714,183344,0.027275,51.53147,36938391.3363647,25879.7290856942,6046ffa8-fc72-441a-b149-7af613d06424
289,E09000026,Redbridge, ,543512,189477,0.070085,51.58588,57732805.7870102,36048.3043464888,a6d09fe0-6f8a-4571-8369-abdac304e881
290,E09000027,Richmond upon Thames, ,519005,172650,-0.28914,51.44035,57363994.8736877,45211.1373297331,7da8b9b6-cf8f-42a6-ab0d-14c8970d4a61
291,E09000028,Southwark, ,533945,175863,-0.07309,51.46589,29748660.359642,28143.1870899476,f2165c74-2e8e-4798-b6af-5ab50713c352
292,E09000029,Sutton, ,527356,163640,-0.17227,51.35756,44475239.2622833,32956.0710309906,3f34f7be-da33-4551-aa91-86f90a6f2d4a
293,E09000030,Tower Hamlets, ,536340,181452,-0.03647,51.51554,19288119.9566193,22595.0928067308,3a97f87c-13ff-40ff-be6d-760ccafa6dd8
294,E09000031,Waltham Forest, ,537327,190277,-0.01881,51.59461,39258811.4719925,28340.8692524227,0a09ebf9-df0c-43f9-b059-5ce2833ac2d1
295,E09000032,Wandsworth, ,525151,174138,-0.20023,51.4524,35090262.0678177,33007.0706188886,bead254d-58c8-4939-ad63-0cc6c1271954
296,E09000033,Westminster, ,528268,180870,-0.15295,51.5122,22893192.0750961,22650.1710994432,cfa7643b-87bc-4a9a-935b-d113a6e5b71b
297,N09000001,Antrim and Newtownabbey, ,130813,541285,-6.1776,54.69386,725799509.438972,145230.911089001,251e2d46-04b0-40f1-b77a-9c493e7635a8
298,N09000002,"Armagh City, Banbridge and Craigavon", ,112110,508158,-6.43455,54.3867,1436133596.94844,200894.188676107,ee88da4d-a373-4c7b-9f15-9e2172995ae6
299,N09000003,Belfast, ,146465,529747,-5.92535,54.59853,137793211.378029,55368.3406467658,5b4b90f3-4a97-4158-a204-bf266375ef5e
300,N09000004,Causeway Coast and Glens, ,106168,581420,-6.5996,55.03962,1985246185.58913,285673.887081582,cfb925c9-0c2e-4d04-828c-04bd1bb39e78
301,N09000005,Derry City and Strabane, ,51779,559566,-7.42064,54.80904,1246253551.1757,232619.968058322,8328987c-dab5-48f2-a5e0-89132cf5b149
302,N09000006,Fermanagh and Omagh, ,41233,513013,-7.5271,54.38521,3008098448.9519,353030.33614691,a2b909da-1893-4ea9-85cf-474ac446f05d
303,N09000007,Lisburn and Castlereagh, ,138712,518920,-6.03545,54.49752,511678825.677032,133180.971163027,7e7a81fc-5dd5-4c30-af37-0ce0515f8a12
304,N09000008,Mid and East Antrim, ,133943,560151,-6.14645,54.86462,1064497679.16619,198440.24053613,5cc1436b-5b11-482d-828b-2e1f6743ef6e
305,N09000009,Mid Ulster, ,83920,528564,-6.8889,54.55273,1960344282.72563,267948.60966111,a995763b-65e7-4a6a-8861-a0404f9237b6
306,N09000010,"Newry, Mourne and Down", ,133006,480432,-6.08891,54.14953,1685889310.54677,292700.749270653,5cad9d02-b490-40b8-8692-6cc91dd0e54f
307,N09000011,Ards and North Down, ,164321,524944,-5.64568,54.56409,567244452.502426,132773.819053522,567e81ad-ad2b-4a42-b98f-cd84706be59b
308,S12000005,Clackmannanshire, ,291178,696402,-3.75316,56.14784,161789211.529739,74434.9163535594,f68e7de1-5e17-4cdd-bcf4-442235cb2274
309,S12000006,Dumfries and Galloway, ,270645,579856,-4.02863,55.09621,6441600695.08096,689147.98896988,b3cfa7be-431e-4270-ae59-37cbd0da4ebf
310,S12000008,East Ayrshire, ,255398,624935,-4.29057,55.49674,1273186287.96204,276604.119072376,d9cb725d-86c1-4b2b-b6b1-37ccac3bb589
311,S12000010,East Lothian, ,354854,672351,-2.72435,55.94207,678377343.974655,149383.4342567,d6609915-d9bf-4721-a80e-3a2ef2cd60b6
312,S12000011,East Renfrewshire, ,251930,653115,-4.36058,55.74868,175675714.769775,75233.9583350049,1ea5ce57-249e-489e-a78a-3d2a4ddfb52a
313,S12000013,Na h-Eileanan Siar, ,126473,932862,-6.65722,58.19938,3001046951.76911,1667592.92105215,1a776f5e-e8df-48fe-a6cb-4c483d5a4bd5
314,S12000014,Falkirk, ,285585,680170,-3.83619,56.00077,296654130.543503,117862.976958436,73430c02-b047-4c74-98d2-85a6d9220409
315,S12000017,Highland, ,241018,858292,-4.66103,57.58657,26132169636.3922,3136502.9014795,b12a8ff3-f660-45c5-a3b6-d06dfbcbb5a7
316,S12000018,Inverclyde, ,227922,670894,-4.75387,55.9003,162791713.783569,60961.5555776842,284047e5-d403-4547-ba21-069bdd8c45a2
317,S12000019,Midlothian, ,330088,659217,-3.11738,55.82111,354813382.740219,110234.222578692,2f64b489-6dbe-420a-95f3-8a3ed6a73464
318,S12000020,Moray, ,328015,843590,-3.20202,57.4768,2243292153.99892,356235.802890402,449e9f0c-b256-4d2f-b5bb-0248c1409925
319,S12000021,North Ayrshire, ,228996,651640,-4.7246,55.72789,879951137.427269,256015.982686718,76dc8cba-14f7-4122-bea2-cf67bf267396
320,S12000023,Orkney Islands, ,348293,1006584,-2.90025,58.94334,996240660.407089,772115.919552047,28fd3125-2b03-4591-9eb8-df68441a5392
321,S12000026,Scottish Borders, ,345889,626137,-2.85869,55.52595,4743974771.00401,430326.421336355,d4ba8e07-4ee0-4e64-8ea7-c9795c058eb3
322,S12000027,Shetland Islands, ,434516,1180307,-1.37344,60.50495,1434926277.31546,1195015.00722392,d7218d3a-cf0a-49f7-8e09-cfaf1a7787b8
323,S12000028,South Ayrshire, ,226545,596271,-4.72899,55.23008,1224190176.93253,252242.020307066,34dfd7ed-3846-4433-9455-647c4e0c29b8
324,S12000029,South Lanarkshire, ,284634,636071,-3.83272,55.60453,1771548254.93547,247587.171999761,0dea1faf-be70-4ed1-bf49-88ebf904aa61
325,S12000030,Stirling, ,255980,708769,-4.32595,56.24953,2259083270.51456,286927.461426113,f12206a3-cc9f-42ed-80dc-3d6cbfee1378
326,S12000033,Aberdeen City, ,387763,808479,-2.20398,57.16697,186393298.769135,88344.2399067634,83b15b71-a211-4f8e-a22a-e9640c8384f2
327,S12000034,Aberdeenshire, ,352284,816277,-2.79208,57.23469,6319466432.12119,561958.3823218,c5ae751b-74f7-43cf-9b7e-1edd45ef1698
328,S12000035,Argyll and Bute, ,200740,715443,-5.22114,56.28944,6952322918.48836,2199834.44094371,575f101f-7e62-4d59-885e-dd3c93ce2cc6
329,S12000036,City of Edinburgh, ,320193,669417,-3.27826,55.9112,263279917.719955,88857.1885844503,f6ff7df5-cf93-4247-9f4d-c096b82729e0
330,S12000038,Renfrewshire, ,239305,664698,-4.56834,55.84862,269213327.291229,89241.0445535933,ba2b2209-1c24-492f-a4c2-621b87160168
331,S12000039,West Dunbartonshire, ,242904,681586,-4.52074,56.0014,179410461.565552,72677.969966369,d1d16fab-6dee-4ac2-b897-5b6c2685cb0b
332,S12000040,West Lothian, ,299483,668514,-3.60909,55.8992,427111971.934174,113061.862542616,268e6961-2dc7-476b-81ce-3592dd00f08b
333,S12000041,Angus, ,345506,759636,-2.8921,56.72518,2194013928.68672,244262.010443208,6c12af9f-9d94-4e3e-8c58-9bf9e4a34f27
334,S12000042,Dundee City, ,340291,732145,-2.97095,56.4776,57825447.6599426,39639.0892154432,6425211e-ef7a-4955-9987-d2fa2769f39d
335,S12000045,East Dunbartonshire, ,261240,676154,-4.22417,55.95829,174167614.36441,83226.1959972311,1d03917f-a083-4608-88eb-f35104e4f7ff
336,S12000047,Fife, ,339187,704721,-2.98251,56.23112,1322412673.54166,248948.59837018,94d96c4a-fbd7-43b4-bc04-cce7ed8fe566
337,S12000048,Perth and Kinross, ,284302,744185,-3.88484,56.57528,5385250727.74651,483320.913111549,8891bf0d-13c9-43ea-af7b-ee7fcd6e4dfa
338,S12000049,Glasgow City, ,261534,667033,-4.21479,55.87649,178529511.201935,87927.1595406479,350ac611-2412-4612-9c8b-f4f817b7dc25
339,S12000050,North Lanarkshire, ,277984,665608,-3.9514,55.86814,469802176.539185,138699.229311335,8061256d-0921-41f9-adfe-e88261ab2e10
340,W06000001,Isle of Anglesey,Ynys Môn,245217,378331,-4.32298,53.27931,708335626.504578,208430.939961231,a2893b01-6565-4508-b9a2-5e62c2b302cd
341,W06000002,Gwynedd,Gwynedd,280555,334966,-3.77715,52.89883,2549541008.5642,429759.256025879,84b1bc73-c35f-4845-9405-0844b8e4d073
342,W06000003,Conwy,Conwy,283293,362563,-3.74646,53.14739,1136877378.6248,196027.19833302,e2944d2f-8572-44d2-8e2c-d0849db68d42
343,W06000004,Denbighshire,Sir Ddinbych,309843,355416,-3.34761,53.08833,834288014.837555,188202.095367693,5bb53efa-4844-4354-89e4-435c6dbbf07f
344,W06000005,Flintshire,Sir y Fflint,321134,369280,-3.18248,53.21471,435981046.039246,137015.37328261,2ed98c1a-025b-4119-9276-da6b31acc579
345,W06000006,Wrexham,Wrecsam,333523,345387,-2.99203,53.00167,506884079.636246,155283.293441067,76d52cec-fb7b-4483-9546-b7d0d9493838
346,W06000008,Ceredigion,Ceredigion,267127,268437,-3.94993,52.29795,1782536747.47916,260666.821241105,f4bb9c8b-eb6f-4211-9fa3-fcaf45d9b3a8
347,W06000009,Pembrokeshire,Sir Benfro,199821,221392,-4.90818,51.85513,1626516372.0607,372677.724694655,9ef80fd1-bbbd-41c6-8744-033e1e04f7b2
348,W06000010,Carmarthenshire,Sir Gaerfyrddin,247954,224133,-4.2111,51.89495,2369487854.8876,320526.839722112,2281b0d6-0251-4b2e-8115-1b6ae7c564c2
349,W06000011,Swansea,Abertawe,264022,197308,-3.96723,51.65806,377715388.088402,148719.316157991,079fe146-e9e5-414a-a627-87ad450c88d7
350,W06000012,Neath Port Talbot,Castell-nedd Port Talbot,279261,195412,-3.74638,51.6445,446695990.189709,121351.917740366,e589930a-ba40-4c55-ac14-7cd5af70dd58
351,W06000013,Bridgend,Pen-y-bont ar Ogwr,288231,185870,-3.61375,51.5606,249582321.109837,76696.2194871131,c260edef-cfc5-4fe7-963f-4868b1c93f03
352,W06000014,Vale of Glamorgan,Bro Morgannwg,302947,173080,-3.39801,51.44836,330462444.585052,90397.2110633385,1daff516-c26c-4992-bbb3-44563647711f
353,W06000015,Cardiff,Caerdydd,315272,178887,-3.22209,51.50254,142327423.503551,60184.4478584602,2283a828-ed6e-487d-85c9-c50f209d85a1
354,W06000016,Rhondda Cynon Taf,Rhondda Cynon Taf,302237,192395,-3.41359,51.62185,422322765.345913,112336.533505479,ebf28aa9-0089-49e1-b14a-c6d676525d6a
355,W06000018,Caerphilly,Caerffili,317245,195259,-3.19753,51.65001,277815223.663692,98224.8478429013,13382c2f-014f-4d98-91c7-cca547e14f92
356,W06000019,Blaenau Gwent,Blaenau Gwent,318236,206771,-3.18592,51.75364,109273372.239006,58166.9529683021,a5ca8409-7f8a-4b62-b153-83846a962724
357,W06000020,Torfaen,Torfaen,327459,200480,-3.05101,51.69836,125716747.279713,68469.967277748,631b96b0-d6d0-4b9b-8af7-dacc8e9de9e2
358,W06000021,Monmouthshire,Sir Fynwy,337812,209231,-2.9028,51.77827,855043434.288441,183168.243520537,61781490-5648-41c4-b1b6-12b583346261
359,W06000022,Newport,Casnewydd,337897,187432,-2.89769,51.58231,191842534.42783,87835.3621556958,30e04a57-c450-4699-b9dd-50e7d978642b
360,W06000023,Powys,Powys,302329,273255,-3.43531,52.34864,5199756043.80872,504309.713750635,012cd562-16e1-474d-9653-50802d4d918b
361,W06000024,Merthyr Tydfil,Merthyr Tudful,305916,206424,-3.36425,51.74858,113429637.641808,59195.1344651932,52d07fc5-9985-42bb-8411-6432a0a646dc
